{
  "action_accuracy": 0.015900474805844896,
  "timing_accuracy": 0.0,
  "action_precision": {
    "reply_now": 0.0,
    "reply_later": 0.057633973710819006,
    "forward": 0.09448818897637795,
    "archive": 0.4972375690607735,
    "delete": 0.0
  },
  "action_recall": {
    "reply_now": 0.0,
    "reply_later": 0.012856659524078043,
    "forward": 0.12069878242456326,
    "archive": 0.008840864440078585,
    "delete": 0.0
  },
  "action_f1": {
    "reply_now": 0.0,
    "reply_later": 0.021023513139695714,
    "forward": 0.10599721059972106,
    "archive": 0.017372840459415118,
    "delete": 0.0
  },
  "priority_mae": 0.17854180544437873,
  "priority_correlation": -0.05897288488888908,
  "total_samples": 27169,
  "action_distribution_true": {
    "delete": 6233,
    "archive": 10180,
    "reply_later": 8867,
    "forward": 1889
  },
  "action_distribution_pred": {
    "reply_now": 22597,
    "reply_later": 1978,
    "archive": 181,
    "forward": 2413
  },
  "confusion_matrix": {
    "reply_now": {
      "reply_now": 0,
      "reply_later": 0,
      "forward": 0,
      "archive": 0,
      "delete": 0
    },
    "reply_later": {
      "reply_now": 7978,
      "reply_later": 114,
      "forward": 731,
      "archive": 44,
      "delete": 0
    },
    "forward": {
      "reply_now": 1646,
      "reply_later": 15,
      "forward": 228,
      "archive": 0,
      "delete": 0
    },
    "archive": {
      "reply_now": 8350,
      "reply_later": 993,
      "forward": 747,
      "archive": 90,
      "delete": 0
    },
    "delete": {
      "reply_now": 4623,
      "reply_later": 856,
      "forward": 707,
      "archive": 47,
      "delete": 0
    }
  },
  "inference_time_seconds": 0.03640294075012207,
  "samples_per_second": 746340.8021482136,
  "timestamp": "2026-01-04 00:40:15"
}
