{
  "action_accuracy": 0.733887886929957,
  "timing_accuracy": 0.0,
  "action_precision": {
    "reply_now": 0.0,
    "reply_later": 0.7579105036510017,
    "forward": 0.6938428874734607,
    "archive": 0.7538387715930902,
    "delete": 0.6771911663216011
  },
  "action_recall": {
    "reply_now": 0.0,
    "reply_later": 0.913048381639788,
    "forward": 0.86500794070937,
    "archive": 0.6172888015717093,
    "delete": 0.6297128188673191
  },
  "action_f1": {
    "reply_now": 0.0,
    "reply_later": 0.8282776612614455,
    "forward": 0.770028275212064,
    "archive": 0.6787643119464247,
    "delete": 0.6525895751932829
  },
  "priority_mae": 0.1787832234332374,
  "priority_correlation": -0.6650029012536973,
  "total_samples": 27169,
  "action_distribution_true": {
    "delete": 6233,
    "archive": 10180,
    "reply_later": 8867,
    "forward": 1889
  },
  "action_distribution_pred": {
    "delete": 5796,
    "reply_later": 10682,
    "archive": 8336,
    "forward": 2355
  },
  "confusion_matrix": {
    "reply_now": {
      "reply_now": 0,
      "reply_later": 0,
      "forward": 0,
      "archive": 0,
      "delete": 0
    },
    "reply_later": {
      "reply_now": 0,
      "reply_later": 8096,
      "forward": 108,
      "archive": 488,
      "delete": 175
    },
    "forward": {
      "reply_now": 0,
      "reply_later": 81,
      "forward": 1634,
      "archive": 80,
      "delete": 94
    },
    "archive": {
      "reply_now": 0,
      "reply_later": 1987,
      "forward": 307,
      "archive": 6284,
      "delete": 1602
    },
    "delete": {
      "reply_now": 0,
      "reply_later": 518,
      "forward": 306,
      "archive": 1484,
      "delete": 3925
    }
  },
  "inference_time_seconds": 0.0438990592956543,
  "samples_per_second": 618897.0888196126,
  "timestamp": "2026-01-04 10:15:10"
}
